"name","String","false","The general identifier of the component",""
"description","String","false","Summary of what the component represents",""
"url","String","false","URL where more information about the component is available",""
"version.versionName","String","true",". Required if version is provided",""
"version.releasedOn","String","true","The date the version became available for use",""
"version.license","Object","true","The combination of licenses to assign to the component version",""
"version.license.type","String","true","The relation of contained licenses.","CONJUNCTIVE,DISJUNCTIVE"
"version.license.license","String","true","URL to the representation of the license to assign",""
"version.license.licenses[]","Array","true","Related licenses which follow the same structure as the license field",""
"version.notes","String","true","Notes regarding the usage of this component version",""
"version.approvalStatus","String","true","The level of approval that has been given to use the component version.","UNREVIEWED,APPROVED,REJECTED,CONDITIONALLY_APPROVED,DEPRECATED"
"notes","String","false","Notes regarding the usage of this component",""
"approvalStatus","String","false","The level of approval that has been given to use the component.","UNREVIEWED,APPROVED,REJECTED,LIMITED_APPROVAL,DEPRECATED"
