"licenseViolationType","String","true","The type of license limit which the application has exceeded.","MANAGED_CODEBASE_BYTES_NEW"
"message","String","true","A user-readable message describing the licensing issue",""
"marketingPageUrl","String","true","URL to a user-readable webpage describing licensing information",""
"usedCodeSize","Number","true","The current measure of the code base used",""
"hardLimit","Number","true","The maximum measure of code base usage before further use is restricted",""
"softLimit","Number","true","The measure of code base usage where the application will start warning users that they are approaching the maximum limit",""
