"name","String","false","The general identifier of the policy",""
"description","String","false","Summary of what the policy represents",""
"enabled","Boolean","false","Whether or not the policy is active",""
"overridable","Boolean","false","Whether or not the policy can be overridden",""
"severity","String","false","The level of impact the policy has.","UNSPECIFIED,TRIVIAL,MINOR,MAJOR,CRITICAL,BLOCKER"
"expression","Object","false","The condition required to violate the policy",""
"expression.operator","String","false","The logical operator of the expression",""
"expression.expressions[]","Array","false","The conditions required to violate the policy",""
"expression.expressions[].name","String","false","What the expression is evaluating against",""
"expression.expressions[].operation","String","false","The boolean condition for the expression",""
"expression.expressions[].parameters","Object","false","The parameters for the expression",""
"expression.expressions[].parameters.values[]","Array","false","The parameter values for the expression",""
