"totalCount","Number","false","The total number of elements available in the result set",""
"items[]","Array","false","The specific sub-set of components requested",""
"items[].componentName","String","false","Label summarizing the identity of the component found",""
"items[].versionName","String","true","Label specifying the specific version of the component found",""
"items[].originId","String","true","ID indicating where the component came from",""
"items[].component","String","false","Resource representing the component the search matched",""
"items[].version","String","true","Resource representing the specific version the search matched",""
"items[].variant","String","true","Resource representing the specific origin the search matched",""
"_meta","Object","false","Meta data associated with the representation, as described in <<metadata,Meta Data>>",""
