"name","String","false","The general identifier of the project",""
"description","String","false","Summary of what the project represents in terms of functionality and use",""
"projectTier","Number","true","The level of exposure the project has to potential attackers.","1,2,3,4,5"
"projectOwner","String","true","URL to the representation of the user to assign as the project's owner",""
"projectLevelAdjustments","Boolean","false","Whether BOM level adjustments applied at the project level are propogated to all project versions",""
"cloneCategories","Array","true","The set of categories of data to clone when creating a new project version.","COMPONENT_DATA,VULN_DATA"
"customSignatureEnabled","Boolean","true","If the project should be matched against for future scans",""
"versionRequest","Object","true","Specification of the initial version to create with the project",""
"versionRequest.versionName","String","true","The general identifier of the version. Required if versionRequest is provided",""
"versionRequest.nickname","String","true","An alternative commonly used name or alias for the project version",""
"versionRequest.license","Object","true","The combination of licenses to assign to the project version",""
"versionRequest.license.type","String","true","The relation of contained licenses.","CONJUNCTIVE,DISJUNCTIVE"
"versionRequest.license.license","String","true","URL to the representation of the license to assign",""
"versionRequest.license.licenses[]","Array","true","Related licenses which follow the same structure as the license field",""
"versionRequest.releaseComments","String","true","Pertinent comments or notes associated with the version",""
"versionRequest.releasedOn","String","true","The logical date the version became available for usage",""
"versionRequest.phase","String","true","The phase in the development life-cycle of the version. Required if versionRequest is provided.","PLANNING,DEVELOPMENT,RELEASED,DEPRECATED,ARCHIVED,PRERELEASE"
"versionRequest.distribution","String","true","The distribution channel of the version. Required if versionRequest is provided.","EXTERNAL,SAAS,INTERNAL,OPENSOURCE"
