"projectVersion","String","true","URL for the resource representing the project version the policy violation occurred in",""
"projectName","String","true","Name of the project the policy violation occurred in",""
"projectVersionName","String","true","Name of the project version the policy violation occurred in",""
"componentVersionStatuses[]","Array","true","Information for component(s) in violation",""
"componentVersionStatuses[].component","String","true","URL for the resource representing the component the violation occurred for, if applicable",""
"componentVersionStatuses[].componentVersion","String","true","URL for the resource representing the component version the violation occurred for, if applicable",""
"componentVersionStatuses[].componentName","String","true","Name of the component the violation occurred for",""
"componentVersionStatuses[].componentVersionName","String","true","Name of the component version the violation occurred for, if applicable",""
"componentVersionStatuses[].bomComponentVersionPolicyStatus","String","true","URL for the resource representing the status of the policy violation",""
"componentVersionStatuses[].componentIssueLink","String","true","URL to a resource representing issues filed for the violating component",""
"componentVersionStatuses[].policies[]","Array","true","URL(s) to the resource(s) representing the violated rule(s)",""
"componentVersionStatuses[].bomComponent","String","true","URL for the resource representing the bill of materials entry in violation",""
"componentVersionsInViolation","Number","true","Count of components/versions now violating a policy rule",""
"policyInfos[]","Array","true","Information about violated policies",""
"policyInfos[].policy","String","true","URL to the resource representing the violated rule",""
"policyInfos[].policyName","String","true","Name of the violated policy rule",""
"policyInfos[].severity","String","true","Severity of the violated policy rule",""
