"name","String","false","The general identifier of the component",""
"description","String","true","Summary of what the component represents in terms of functionality and use",""
"url","String","true","Resource where more information on the component may be found",""
"primaryLanguage","String","true","The main language used to implement the component",""
"notes","String","true","Any user-specified notes on the component",""
"approvalStatus","String","false","The level of approval given for use of the component.","UNREVIEWED,APPROVED,REJECTED,LIMITED_APPROVAL,DEPRECATED"
"additionalHomepages","Array","true","Any addition web addresses containing information on various distributions of the component",""
"source","String","false","The source of data for the component.","CUSTOM,KB,KB_MODIFIED"
"_meta","Object","false","Meta data associated with the representation, as described in <<metadata,Meta Data>>",""
