"versions","false","Resource listing versions associated with the component"
"homepage","true","Resource where more information on the component may be found"
"openhub","true","Resource on OpenHub representing the component"
"vulnerabilities","true","Resource representing vulnerabilities associated with the component"
"smallLogo","true","Resource representing a small version of the component's logo"
"mediumLogo","true","Resource representing a medium version of the component's logo"
"tags","false","Resource representing component tags"
