"bomImport","String","false","Location for uploading BOM import files",""
"codeLocations","String","true","Location for representations of code locations",""
"projects","String","false","Location for representations of <<project-list,projects>>",""
"components","String","false","Location for representations of components",""
"roles","String","true","Location for representations of roles",""
"users","String","true","Location for representations of users",""
"userGroups","String","true","Location for representations of user groups",""
"userStatusFilters","String","false","Location for representations of user status filters. Deprecated - use links from associated resources instead",""
"apiDocumentation","String","false","Location for the API documentation",""
"vulnerabilityRemidiationReports","String","true","Location for representations of vulnerability remidiation reports",""
"vulnerabilityStatusReports","String","true","Location for representations of vulnerability status reports",""
"vulnerabilityUpdateReports","String","true","Location for representations of vulnerability update reports",""
"notifications","String","true","Location for representations of <<notification-list,notifications>>",""
"notificationStateFilters","String","true","Location for representations of notification state filters. Deprecated - use links from associated resources instead",""
"notificationTypeFilters","String","true","Location for representations of notification type filters. Deprecated - use links from associated resources instead",""
"registration","String","true","Location for <<registration,registration>> information",""
"policyRules","String","true","Location for representations of policy rules",""
"customFieldObjects","String","true","Location for representations of assignable custom field objects",""
"customFieldTypes","String","true","Location for representations of assignable custom field types",""
"_meta","Object","false","Meta data associated with the representation, as described in <<metadata,Meta Data>>",""
