"offset","The number of results to skip from the beginning of the available set"
"limit","The maximum number of results to read from the available set"
"sort","A specification of one or more fields to sort results by. Of format `<field> [asc | desc]`. Sortable Fields: [createdat, type]"
"filter","A specification of properties to <<filtering,filter>> results by. Of format `<filterKey>:<filterValue>`. Supported Filters: [notificationType]"
"startDate","Reduces returned resources to those created after/at the indicated <<schema,timestamp>>"
"endDate","Reduces returned resources to those created before/at the indicated <<schema,timestamp>>"
