"name","String","false","The general identifier of the project",""
"description","String","false","Summary of what the project represents in terms of functionality and use",""
"projectTier","Number","true","The level of exposure the project has to potential attackers.","1,2,3,4,5"
"projectLevelAdjustments","Boolean","false","Whether BOM level adjustments are applied at the project level (to all releases)",""
"projectOwner","String","true","URL for the resource representing the project owner",""
"cloneCategories","Array","true","The set of categories of data to clone when creating a new project version.","COMPONENT_DATA,VULN_DATA"
"customSignatureEnabled","Boolean","true","If the project should be matched against for future scans",""
