"name","String","false","The general identifier of the project",""
"description","String","false","Summary of what the project represents in terms of functionality and use",""
"projectTier","Number","true","The level of exposure the project has to potential attackers.","1,2,3,4,5"
"projectLevelAdjustments","Boolean","false","Whether BOM level adjustments are applied at the project level (to all releases)",""
"createdAt","String","false","The date/time when the project was created",""
"createdBy","String","false","The username who created the project",""
"createdByUser","String","false","URL for the resource representing the project creator",""
"updatedAt","String","false","The date/time when the project settings were last updated",""
"updatedBy","String","false","The username who updated the project setting",""
"updatedByUser","String","false","URL for the resource representing the project last editor",""
"projectOwner","String","true","URL for the resource representing the project owner",""
"cloneCategories","Array","true","The set of categories of data to clone when creating a new project version.","COMPONENT_DATA,VULN_DATA"
"customSignatureEnabled","Boolean","true","If the project should be matched against for future scans",""
"_meta","Object","false","Meta data associated with the representation, as described in <<metadata,Meta Data>>",""
