"versions","false","Resource listing versions associated with project"
"canonicalVersion","true","Resource representing the canonical version of the project, if specified"
"assignable-users","false","Resource representing users assignable to the project"
"assignable-usergroups","false","Resource representing user groups assignable to the project"
"users","false","Resource representing users assigned to the project"
"usergroups","false","Resource representing user groups assigned to the project"
"tags","false","Resource representing project tags"
"project-mappings","false","Resource representing application identifier(s) mapped to the project"
