"registrationId","String","true","The registration ID/key associated with the application instance",""
"state","String","true","The overall validity state of the registration.","VALID,EXPIRED,INVALID,INCOMPLETE_INSTALL,NETWORK_FAILURE,NOT_SET"
"features[]","Array","false","A collection of the enabled/licensed features on the application",""
"features[].feature","String","true","Key indicated which of a defined set of features the object represents.","CONNECT_AND_SHARE,DEEP_VULNERABILITY_INTELLIGENCE,ISCAN,NOTIFICATIONS,OSS_ATTRIBUTION,POLICY_MANAGEMENT,PROJECT_MANAGEMENT,REST_API,RISK_MANAGEMENT,OSS_NOTICES_REPORTS,THREAT_CHECKER,OPSSIGHT,BDSA,SNIPPET,CRYPTO_ALGORITHMS,BINARY_ANALYSIS,CUSTOM_SIGNATURES"
"features[].warningValue","Number","true","The value at which it is recommended clients begin visibly warning end users of impending license limitations",""
"features[].limitValue","Number","true","The value at which the license will prevent/limit use of the associated feature",""
"expirationWarningDate","String","true","The date/time that the it is recommended clients begin visibily warning end users of the license as a whole expiring",""
"expirationDate","String","true","The date/time the license as a whole will become invalid and require renewal",""
"messages[]","Array","false","A collection of information on potential error states of the license",""
"messages[].messageCode","String","true","One of a defined set of keys indicating the type of error described.","ACTIVATE_REGISTRATION_ERROR,DATE_PARSING_ERROR,EXPIRATION_DATE_WARNING,INSTALLATION_INCOMPLETE_ERROR,INVALID_REGISTRATION_ERROR,INVALID_LICENSE_USAGE_WINDOW,NETWORK_FAILURE_ERROR,REFRESH_REGISTRATION_ERROR"
"messages[].message","String","true","User-readable description of the error",""
"attributes[]","Array","false","A collection of various licensed attributes/limits governing use of the application",""
"attributes[].attribute","String","true","Key indicated which of a defined set of attributes the object represents.","CODEBASE_MANAGED_LINES_OF_CODE,INDEXED_LINES_OF_CODE,MANAGED_CODEBASE_BYTES_NEW,USER_LIMIT,CUSTOM_PROJECT_LIMIT,PROJECT_RELEASE_LIMIT,CODE_LOCATION_LIMIT,CODE_LOCATION_BYTES_LIMIT"
"attributes[].warningValue","Number","true","The value at which it is recommended clients begin visibly warning end-users of impending license limitations",""
"attributes[].limitValue","Number","true","The value at which the license will prevent/limit use based on the associated attribute",""
"attributes[].currentValue","Number","true","The current level of use for the attribute",""
"_meta","Object","false","Meta data associated with the representation, as described in <<metadata,Meta Data>>",""
