"projectVersion","String","true","URL for the resource representing the project version the policy clearing occurred in",""
"projectName","String","true","Name of the project the policy clearing occurred in",""
"projectVersionName","String","true","Name of the project version the policy clearing occurred in",""
"componentVersionStatuses[]","Array","true","Information for component(s) ino longer in violation",""
"componentVersionStatuses[].component","String","true","URL for the resource representing the component a violation previously occurred for, if applicable",""
"componentVersionStatuses[].componentVersion","String","true","URL for the resource representing the component version a violation previously occurred for, if applicable",""
"componentVersionStatuses[].componentName","String","true","Name of the component a violation previously occurred for",""
"componentVersionStatuses[].componentVersionName","String","true","Name of the component version a violation previously occurred for, if applicable",""
"componentVersionStatuses[].bomComponentVersionPolicyStatus","String","true","URL for the resource representing the status of the policy violation",""
"componentVersionStatuses[].componentIssueLink","String","true","URL to a resource representing issues filed for the component",""
"componentVersionStatuses[].policies[]","Array","true","URL(s) to the resource(s) representing the violated rule(s)",""
"componentVersionStatuses[].bomComponent","String","true","URL for the resource representing the bill of materials entry no longer in violation",""
"componentVersionsCleared","Number","true","Count of components/versions no longer violating a policy rule",""
"policyInfos[]","Array","true","Information about policies",""
"policyInfos[].policy","String","true","URL to the resource representing the previously violated rule",""
"policyInfos[].policyName","String","true","Name of the previously violated policy rule",""
"policyInfos[].severity","String","true","Severity of the previously overriden policy rule",""
