"projectVersion","String","true","URL for the resource representing the project version the policy override occurred in",""
"component","String","true","URL for the resource representing the component the override occurred for, if applicable",""
"componentVersion","String","true","URL for the resource representing the component version the override occurred for, if applicable",""
"projectName","String","true","Name of the project the policy override occurred in",""
"projectVersionName","String","true","Name of the project version the policy override occurred in",""
"componentName","String","true","Name of the component the override occurred for",""
"componentVersionName","String","true","Name of the component version the override occurred for, if applicable",""
"firstName","String","true","First name of the user which performed the override",""
"lastName","String","true","Last name of the user which performed the override",""
"bomComponentVersionPolicyStatus","String","true","URL for the resource representing the status of the policy override",""
"bomComponent","String","true","URL for the resource representing the bill of materials entry overidden",""
"policyInfos[]","Array","true","Information about overridden policies",""
"policyInfos[].policy","String","true","URL to the resource representing the overriden rule",""
"policyInfos[].policyName","String","true","Name of the overridden policy rule",""
"policyInfos[].severity","String","true","Severity of the overriden policy rule",""
"policies[]","Array","true","URL(s) to the resource(s) representing the overriden rule(s)",""
